Firstname,Lastname,Phone No.,,,,,,,,,,,,,,,,,,
Apoorv,Yadav,5048451427,,,,,,,,,,,,,,,,,,504-845-1427
Ashish,Das,8103749840,,,,,,,,,,,,,,,,,,810-374-9840
Shubham,Singh,8562644130,,,,,,,,,,,,,,,,,,856-264-4130
Shushant,Singh,9079212010,,,,,,,,,,,,,,,,,,907-921-2010
Divyanu,Baheti,5135494561,,,,,,,,,,,,,,,,,,513-549-4561
Aarohan,B,4198006759,,,,,,,,,,,,,,,,,,419-800-6759
Lenna,Paprocki,7739248565,,,,,,,,,,,,,,,,,,773-924-8565
Donette,Foller,4088131105,,,,,,,,,,,,,,,,,,408-813-1105
Simona,Morasca,6057944895,,,,,,,,,,,,,,,,,,605-794-4895
Mitsue,Tollner,4108044694,,,,,,,,,,,,,,,,,,410-804-4694
Leota,Dilliard,2154228694,,,,,,,,,,,,,,,,,,215-422-8694
Sage,Wieser,6316773675,,,,,,,,,,,,,,,,,,631-677-3675
Kris,Marrier,3102543084,,,,,,,,,,,,,,,,,,310-254-3084
Minna,Amigon,4405797763,,,,,,,,,,,,,,,,,,440-579-7763
Abel,Maclead,9568417216,,,,,,,,,,,,,,,,,,956-841-7216
Kiley,Caldarera,6029536360,,,,,,,,,,,,,,,,,,602-953-6360
Graciela,Ruta,9312357959,,,,,,,,,,,,,,,,,,931-235-7959
Cammy,Albares,4143772880,,,,,,,,,,,,,,,,,,414-377-2880
Mattie,Poquette,3133414470,,,,,,,,,,,,,,,,,,313-341-4470
Meaghan,Garufi,8154265657,,,,,,,,,,,,,,,,,,815-426-5657
Gladys,Rim,6104924643,,,,,,,,,,,,,,,,,,610-492-4643
Yuki,Whobrey,4088134592,,,,,,,,,,,,,,,,,,408-813-4592
Fletcher,Flosi,9728964882,,,,,,,,,,,,,,,,,,972-896-4882
Bette,Nicka,5184488982,,,,,,,,,,,,,,,,,,518-448-8982
Veronika,Inouye,7326353453,,,,,,,,,,,,,,,,,,732-635-3453
Willard,Kolmetz,7155309863,,,,,,,,,,,,,,,,,,715-530-9863
Maryann,Royster,9138991103,,,,,,,,,,,,,,,,,,913-899-1103
Alisha,Slusarski,4102358738,,,,,,,,,,,,,,,,,,410-235-8738
Allene,Iturbide,2129345167,,,,,,,,,,,,,,,,,,212-934-5167
Chanel,Caudy,9365973614,,,,,,,,,,,,,,,,,,936-597-3614
Ezekiel,Chui,6146483265,,,,,,,,,,,,,,,,,,614-648-3265
Willow,Kusko,5053355293,,,,,,,,,,,,,,,,,,505-335-5293
Bernardo,Figeroa,2013879093,,,,,,,,,,,,,,,,,,201-387-9093
Ammie,Corrio,7327826701,,,,,,,,,,,,,,,,,,732-782-6701
Francine,Vocelka,2127532740,,,,,,,,,,,,,,,,,,212-753-2740
Ernie,Stenseth,5042658174,,,,,,,,,,,,,,,,,,504-265-8174
Albina,Glick,2125694233,,,,,,,,,,,,,,,,,,212-569-4233
Alishia,Sergi,8056091531,,,,,,,,,,,,,,,,,,805-609-1531
Solange,Shinko,2103006244,,,,,,,,,,,,,,,,,,210-300-6244
Jose,Stockham,7852197724,,,,,,,,,,,,,,,,,,785-219-7724
Rozella,Ostrosky,5419932611,,,,,,,,,,,,,,,,,,541-993-2611
Valentine,Gillian,9136458918,,,,,,,,,,,,,,,,,,913-645-8918
Kati,Rulapaugh,9073356568,,,,,,,,,,,,,,,,,,907-335-6568
Youlanda,Schemmer,3059952078,,,,,,,,,,,,,,,,,,305-995-2078
Dyan,Oldroyd,9072276777,,,,,,,,,,,,,,,,,,907-227-6777
Roxane,Campain,9524792375,,,,,,,,,,,,,,,,,,952-479-2375
Lavera,Perin,6179975771,,,,,,,,,,,,,,,,,,617-997-5771
Erick,Ferencz,3233157314,,,,,,,,,,,,,,,,,,323-315-7314
Fatima,Saylors,6086587940,,,,,,,,,,,,,,,,,,608-658-7940
Jina,Briddick,2157944519,,,,,,,,,,,,,,,,,,215-794-4519
Kanisha,Waycott,2126175063,,,,,,,,,,,,,,,,,,212-617-5063
Emerson,Bowley,9313036041,,,,,,,,,,,,,,,,,,931-303-6041
Blair,Malet,8036813678,,,,,,,,,,,,,,,,,,803-681-3678
Brock,Bolognia,6103797125,,,,,,,,,,,,,,,,,,610-379-7125
Lorrie,Nestle,9084704661,,,,,,,,,,,,,,,,,,908-470-4661
Sabra,Uyetake,5163334861,,,,,,,,,,,,,,,,,,516-333-4861
Marjory,Mastella,2153296386,,,,,,,,,,,,,,,,,,215-329-6386
Karl,Klonowski,8187498650,,,,,,,,,,,,,,,,,,818-749-8650
Tonette,Wenner,4015598961,,,,,,,,,,,,,,,,,,401-559-8961
Amber,Monarrez,2154179563,,,,,,,,,,,,,,,,,,215-417-9563
Shenika,Seewald,4013008122,,,,,,,,,,,,,,,,,,401-300-8122
Delmy,Ahle,7329042931,,,,,,,,,,,,,,,,,,732-904-2931
Deeanna,Juhas,5128613814,,,,,,,,,,,,,,,,,,512-861-3814
Blondell,Pugh,3038745160,,,,,,,,,,,,,,,,,,303-874-5160
Jamal,Vanausdal,4145737719,,,,,,,,,,,,,,,,,,414-573-7719
Cecily,Hollack,2124629157,,,,,,,,,,,,,,,,,,212-462-9157
Carmelina,Lindall,9078732882,,,,,,,,,,,,,,,,,,907-873-2882
Maurine,Yglesias,8144203553,,,,,,,,,,,,,,,,,,814-420-3553
Tawna,Buvens,4109374543,,,,,,,,,,,,,,,,,,410-937-4543
Penney,Weight,2087378439,,,,,,,,,,,,,,,,,,208-737-8439
Elly,Morocco,4156047609,,,,,,,,,,,,,,,,,,415-604-7609
Ilene,Eroman,9197153791,,,,,,,,,,,,,,,,,,919-715-3791
Vallie,Mondella,6508119032,,,,,,,,,,,,,,,,,,650-811-9032
Kallie,Blackwood,9255227798,,,,,,,,,,,,,,,,,,925-522-7798
Johnetta,Abdallah,7405265410,,,,,,,,,,,,,,,,,,740-526-5410
Bobbye,Rhym,5854984278,,,,,,,,,,,,,,,,,,585-498-4278
Micaela,Rhymes,4109576903,,,,,,,,,,,,,,,,,,410-957-6903
Tamar,Hoogland,9738479611,,,,,,,,,,,,,,,,,,973-847-9611
Moon,Parlato,7733523437,,,,,,,,,,,,,,,,,,773-352-3437
Laurel,Reitler,9737963667,,,,,,,,,,,,,,,,,,973-796-3667
Delisa,Crupi,5059501763,,,,,,,,,,,,,,,,,,505-950-1763
Viva,Toelkes,7186547063,,,,,,,,,,,,,,,,,,718-654-7063
Elza,Lipke,9045149918,,,,,,,,,,,,,,,,,,904-514-9918
Devorah,Chickering,5109017640,,,,,,,,,,,,,,,,,,510-901-7640
Timothy,Mulqueen,2167338494,,,,,,,,,,,,,,,,,,216-733-8494
Arlette,Honeywell,8174513518,,,,,,,,,,,,,,,,,,817-451-3518
Dominque,Dickerson,3109681219,,,,,,,,,,,,,,,,,,310-968-1219
Lettie,Isenhower,8479574614,,,,,,,,,,,,,,,,,,847-957-4614
Myra,Munns,3307002312,,,,,,,,,,,,,,,,,,330-700-2312
Stephaine,Barfield,2152288264,,,,,,,,,,,,,,,,,,215-228-8264
Lai,Gato,6502165075,,,,,,,,,,,,,,,,,,650-216-5075
Stephen,Emigh,6266962777,,,,,,,,,,,,,,,,,,626-696-2777
Tyra,Shields,2542051422,,,,,,,,,,,,,,,,,,254-205-1422
Tammara,Wardrip,9079149482,,,,,,,,,,,,,,,,,,907-914-9482
Cory,Gibes,4084408447,,,,,,,,,,,,,,,,,,408-440-8447
Danica,Bruschke,5104524835,,,,,,,,,,,,,,,,,,510-452-4835
Wilda,Giguere,3174722412,,,,,,,,,,,,,,,,,,317-472-2412
Elvera,Benimadho,3072793793,,,,,,,,,,,,,,,,,,307-279-3793
Carma,Vanheusen,7034757568,,,,,,,,,,,,,,,,,,703-475-7568
Malinda,Hochard,5048451427,,,,,,,,,,,,,,,,,,504-845-1427
Natalie,Fern,8103749840,,,,,,,,,,,,,,,,,,810-374-9840
Lisha,Centini,8562644130,,,,,,,,,,,,,,,,,,856-264-4130
James,Bhutt,9079212010,,,,,,,,,,,,,,,,,,907-921-2010
Josephine,Darakjy,5135494561,,,,,,,,,,,,,,,,,,513-549-4561
Art,Venere,4198006759,,,,,,,,,,,,,,,,,,419-800-6759
Lenna,Paprocki,7739248565,,,,,,,,,,,,,,,,,,773-924-8565
Donette,Foller,4088131105,,,,,,,,,,,,,,,,,,408-813-1105
Simona,Morasca,6057944895,,,,,,,,,,,,,,,,,,605-794-4895
Mitsue,Tollner,4108044694,,,,,,,,,,,,,,,,,,410-804-4694
Leota,Dilliard,2154228694,,,,,,,,,,,,,,,,,,215-422-8694
Sage,Wieser,6316773675,,,,,,,,,,,,,,,,,,631-677-3675
Kris,Marrier,3102543084,,,,,,,,,,,,,,,,,,310-254-3084
Minna,Amigon,4405797763,,,,,,,,,,,,,,,,,,440-579-7763
Abel,Maclead,9568417216,,,,,,,,,,,,,,,,,,956-841-7216
Kiley,Caldarera,6029536360,,,,,,,,,,,,,,,,,,602-953-6360
Graciela,Ruta,9312357959,,,,,,,,,,,,,,,,,,931-235-7959
Cammy,Albares,4143772880,,,,,,,,,,,,,,,,,,414-377-2880
Mattie,Poquette,3133414470,,,,,,,,,,,,,,,,,,313-341-4470
Meaghan,Garufi,8154265657,,,,,,,,,,,,,,,,,,815-426-5657
Gladys,Rim,6104924643,,,,,,,,,,,,,,,,,,610-492-4643
Yuki,Whobrey,4088134592,,,,,,,,,,,,,,,,,,408-813-4592
Fletcher,Flosi,9728964882,,,,,,,,,,,,,,,,,,972-896-4882
Bette,Nicka,5184488982,,,,,,,,,,,,,,,,,,518-448-8982
Veronika,Inouye,7326353453,,,,,,,,,,,,,,,,,,732-635-3453
Willard,Kolmetz,7155309863,,,,,,,,,,,,,,,,,,715-530-9863
Maryann,Royster,9138991103,,,,,,,,,,,,,,,,,,913-899-1103
Alisha,Slusarski,4102358738,,,,,,,,,,,,,,,,,,410-235-8738
Allene,Iturbide,2129345167,,,,,,,,,,,,,,,,,,212-934-5167
Chanel,Caudy,9365973614,,,,,,,,,,,,,,,,,,936-597-3614
Ezekiel,Chui,6146483265,,,,,,,,,,,,,,,,,,614-648-3265
Willow,Kusko,5053355293,,,,,,,,,,,,,,,,,,505-335-5293
Bernardo,Figeroa,2013879093,,,,,,,,,,,,,,,,,,201-387-9093
Ammie,Corrio,7327826701,,,,,,,,,,,,,,,,,,732-782-6701
Francine,Vocelka,2127532740,,,,,,,,,,,,,,,,,,212-753-2740
Ernie,Stenseth,5042658174,,,,,,,,,,,,,,,,,,504-265-8174
Albina,Glick,2125694233,,,,,,,,,,,,,,,,,,212-569-4233
Alishia,Sergi,8056091531,,,,,,,,,,,,,,,,,,805-609-1531
Solange,Shinko,2103006244,,,,,,,,,,,,,,,,,,210-300-6244
Jose,Stockham,7852197724,,,,,,,,,,,,,,,,,,785-219-7724
Rozella,Ostrosky,5419932611,,,,,,,,,,,,,,,,,,541-993-2611
Valentine,Gillian,9136458918,,,,,,,,,,,,,,,,,,913-645-8918
Kati,Rulapaugh,9073356568,,,,,,,,,,,,,,,,,,907-335-6568
Youlanda,Schemmer,3059952078,,,,,,,,,,,,,,,,,,305-995-2078
Dyan,Oldroyd,9072276777,,,,,,,,,,,,,,,,,,907-227-6777
Roxane,Campain,9524792375,,,,,,,,,,,,,,,,,,952-479-2375
Lavera,Perin,6179975771,,,,,,,,,,,,,,,,,,617-997-5771
Erick,Ferencz,3233157314,,,,,,,,,,,,,,,,,,323-315-7314
Fatima,Saylors,6086587940,,,,,,,,,,,,,,,,,,608-658-7940
Jina,Briddick,2157944519,,,,,,,,,,,,,,,,,,215-794-4519
Kanisha,Waycott,3235464562,,,,,,,,,,,,,,,,,,323-546-4562
Emerson,Bowley,5468664564,,,,,,,,,,,,,,,,,,546-866-4564
Blair,Malet,9998647956,,,,,,,,,,,,,,,,,,999-864-7956
